9282281600|39.50|400 Bad Request: "{"type":"ResponseDataModel","statusCode":10034,"statusDescription":"Refund Amount can't be greater than order amount","basketPayment":false}"
9282260154|79.60|400 Bad Request: "{"type":"ResponseDataModel","statusCode":9935,"statusDescription":"Something went wrong","basketPayment":false}"
9282212858|89.70|400 Bad Request: "{"type":"ResponseDataModel","statusCode":9935,"statusDescription":"Something went wrong","basketPayment":false}"
9282254704|42.46|400 Bad Request: "{"type":"ResponseDataModel","statusCode":9935,"statusDescription":"Something went wrong","basketPayment":false}"
9282286234|65.18|400 Bad Request: "{"type":"ResponseDataModel","statusCode":9935,"statusDescription":"Something went wrong","basketPayment":false}"
9282295659|25.55|400 Bad Request: "{"type":"ResponseDataModel","statusCode":10034,"statusDescription":"Refund Amount can't be greater than order amount","basketPayment":false}"
9282212048|51.30|400 Bad Request: "{"type":"ResponseDataModel","statusCode":10034,"statusDescription":"Refund Amount can't be greater than order amount","basketPayment":false}"
9282274663|40.71|400 Bad Request: "{"type":"ResponseDataModel","statusCode":10034,"statusDescription":"Refund Amount can't be greater than order amount","basketPayment":false}"
9282285825|25.55|400 Bad Request: "{"type":"ResponseDataModel","statusCode":10034,"statusDescription":"Refund Amount can't be greater than order amount","basketPayment":false}"
9282218160|109.50|400 Bad Request: "{"type":"ResponseDataModel","statusCode":9935,"statusDescription":"Something went wrong","basketPayment":false}"
9282261310|47.88|400 Bad Request: "{"type":"ResponseDataModel","statusCode":9935,"statusDescription":"Something went wrong","basketPayment":false}"
9282201111|99.44|400 Bad Request: "{"type":"ResponseDataModel","statusCode":9935,"statusDescription":"Something went wrong","basketPayment":false}"
9282209514|17.25|400 Bad Request: "{"type":"ResponseDataModel","statusCode":10034,"statusDescription":"Refund Amount can't be greater than order amount","basketPayment":false}"
9282246102|87.90|400 Bad Request: "{"type":"ResponseDataModel","statusCode":9935,"statusDescription":"Something went wrong","basketPayment":false}"
9282252851|27.99|400 Bad Request: "{"type":"ResponseDataModel","statusCode":10034,"statusDescription":"Refund Amount can't be greater than order amount","basketPayment":false}"
9282223046|33.15|400 Bad Request: "{"type":"ResponseDataModel","statusCode":10034,"statusDescription":"Refund Amount can't be greater than order amount","basketPayment":false}"
9282285064|87.70|400 Bad Request: "{"type":"ResponseDataModel","statusCode":10034,"statusDescription":"Refund Amount can't be greater than order amount","basketPayment":false}"
9282214377|69.35|400 Bad Request: "{"type":"ResponseDataModel","statusCode":9935,"statusDescription":"Something went wrong","basketPayment":false}"
9282266017|37.33|400 Bad Request: "{"type":"ResponseDataModel","statusCode":10034,"statusDescription":"Refund Amount can't be greater than order amount","basketPayment":false}"
9282403437|32.00|400 Bad Request: "{"type":"ResponseDataModel","statusCode":9935,"statusDescription":"Something went wrong","basketPayment":false}"
9282430969|10.00|400 Bad Request: "{"type":"ResponseDataModel","statusCode":10034,"statusDescription":"Refund Amount can't be greater than order amount","basketPayment":false}"
9282430464|38.85|400 Bad Request: "{"type":"ResponseDataModel","statusCode":10034,"statusDescription":"Refund Amount can't be greater than order amount","basketPayment":false}"
9282264578|72.60|400 Bad Request: "{"type":"ResponseDataModel","statusCode":9935,"statusDescription":"Something went wrong","basketPayment":false}"
9282250287|39.50|400 Bad Request: "{"type":"ResponseDataModel","statusCode":10034,"statusDescription":"Refund Amount can't be greater than order amount","basketPayment":false}"
9282420147|52.44|400 Bad Request: "{"type":"ResponseDataModel","statusCode":9935,"statusDescription":"Something went wrong","basketPayment":false}"
9282215163|39.80|400 Bad Request: "{"type":"ResponseDataModel","statusCode":10034,"statusDescription":"Refund Amount can't be greater than order amount","basketPayment":false}"
9282230800|42.65|400 Bad Request: "{"type":"ResponseDataModel","statusCode":9935,"statusDescription":"Something went wrong","basketPayment":false}"
9282244714|99.50|400 Bad Request: "{"type":"ResponseDataModel","statusCode":9935,"statusDescription":"Something went wrong","basketPayment":false}"
9282219632|24.50|400 Bad Request: "{"type":"ResponseDataModel","statusCode":10034,"statusDescription":"Refund Amount can't be greater than order amount","basketPayment":false}"
9282215261|33.44|400 Bad Request: "{"type":"ResponseDataModel","statusCode":10034,"statusDescription":"Refund Amount can't be greater than order amount","basketPayment":false}"
9282254398|96.60|400 Bad Request: "{"type":"ResponseDataModel","statusCode":10034,"statusDescription":"Refund Amount can't be greater than order amount","basketPayment":false}"
9282203139|10.00|400 Bad Request: "{"type":"ResponseDataModel","statusCode":10034,"statusDescription":"Refund Amount can't be greater than order amount","basketPayment":false}"
9282228306|40.30|400 Bad Request: "{"type":"ResponseDataModel","statusCode":10034,"statusDescription":"Refund Amount can't be greater than order amount","basketPayment":false}"
9282220880|43.80|400 Bad Request: "{"type":"ResponseDataModel","statusCode":10034,"statusDescription":"Refund Amount can't be greater than order amount","basketPayment":false}"
9282206501|72.84|400 Bad Request: "{"type":"ResponseDataModel","statusCode":9935,"statusDescription":"Something went wrong","basketPayment":false}"
9282233623|14.37|400 Bad Request: "{"type":"ResponseDataModel","statusCode":10034,"statusDescription":"Refund Amount can't be greater than order amount","basketPayment":false}"
9282250150|45.71|400 Bad Request: "{"type":"ResponseDataModel","statusCode":10034,"statusDescription":"Refund Amount can't be greater than order amount","basketPayment":false}"
9282224186|65.70|400 Bad Request: "{"type":"ResponseDataModel","statusCode":9935,"statusDescription":"Something went wrong","basketPayment":false}"
9282288692|26.90|400 Bad Request: "{"type":"ResponseDataModel","statusCode":9935,"statusDescription":"Something went wrong","basketPayment":false}"
9282224014|74.29|400 Bad Request: "{"type":"ResponseDataModel","statusCode":9935,"statusDescription":"Something went wrong","basketPayment":false}"
9282283818|25.55|400 Bad Request: "{"type":"ResponseDataModel","statusCode":10034,"statusDescription":"Refund Amount can't be greater than order amount","basketPayment":false}"
9282211070|102.00|400 Bad Request: "{"type":"ResponseDataModel","statusCode":9935,"statusDescription":"Something went wrong","basketPayment":false}"
9282249774|33.15|400 Bad Request: "{"type":"ResponseDataModel","statusCode":10034,"statusDescription":"Refund Amount can't be greater than order amount","basketPayment":false}"
9282244104|7.21|400 Bad Request: "{"type":"ResponseDataModel","statusCode":10034,"statusDescription":"Refund Amount can't be greater than order amount","basketPayment":false}"
9282246590|75.22|400 Bad Request: "{"type":"ResponseDataModel","statusCode":9935,"statusDescription":"Something went wrong","basketPayment":false}"
9282262329|89.00|400 Bad Request: "{"type":"ResponseDataModel","statusCode":9935,"statusDescription":"Something went wrong","basketPayment":false}"
9282241325|30.40|400 Bad Request: "{"type":"ResponseDataModel","statusCode":9935,"statusDescription":"Something went wrong","basketPayment":false}"
9282277440|9.94|400 Bad Request: "{"type":"ResponseDataModel","statusCode":10034,"statusDescription":"Refund Amount can't be greater than order amount","basketPayment":false}"
9282263572|47.70|400 Bad Request: "{"type":"ResponseDataModel","statusCode":10034,"statusDescription":"Refund Amount can't be greater than order amount","basketPayment":false}"
9282212927|76.32|400 Bad Request: "{"type":"ResponseDataModel","statusCode":9935,"statusDescription":"Something went wrong","basketPayment":false}"
9282225302|33.07|400 Bad Request: "{"type":"ResponseDataModel","statusCode":10034,"statusDescription":"Refund Amount can't be greater than order amount","basketPayment":false}"
9282202919|29.73|400 Bad Request: "{"type":"ResponseDataModel","statusCode":10034,"statusDescription":"Refund Amount can't be greater than order amount","basketPayment":false}"
9282253807|25.55|400 Bad Request: "{"type":"ResponseDataModel","statusCode":10034,"statusDescription":"Refund Amount can't be greater than order amount","basketPayment":false}"
9282271166|10.00|400 Bad Request: "{"type":"ResponseDataModel","statusCode":10034,"statusDescription":"Refund Amount can't be greater than order amount","basketPayment":false}"
9282222532|86.32|400 Bad Request: "{"type":"ResponseDataModel","statusCode":9935,"statusDescription":"Something went wrong","basketPayment":false}"
9282232522|34.00|400 Bad Request: "{"type":"ResponseDataModel","statusCode":9935,"statusDescription":"Something went wrong","basketPayment":false}"
9282292535|42.75|400 Bad Request: "{"type":"ResponseDataModel","statusCode":9935,"statusDescription":"Something went wrong","basketPayment":false}"
9282228790|25.55|400 Bad Request: "{"type":"ResponseDataModel","statusCode":10034,"statusDescription":"Refund Amount can't be greater than order amount","basketPayment":false}"
9282238482|18.00|400 Bad Request: "{"type":"ResponseDataModel","statusCode":10034,"statusDescription":"Refund Amount can't be greater than order amount","basketPayment":false}"
9282241861|31.82|400 Bad Request: "{"type":"ResponseDataModel","statusCode":9935,"statusDescription":"Something went wrong","basketPayment":false}"
9282202105|10.00|400 Bad Request: "{"type":"ResponseDataModel","statusCode":10034,"statusDescription":"Refund Amount can't be greater than order amount","basketPayment":false}"
9282261891|52.93|400 Bad Request: "{"type":"ResponseDataModel","statusCode":9935,"statusDescription":"Something went wrong","basketPayment":false}"
9282235888|27.00|400 Bad Request: "{"type":"ResponseDataModel","statusCode":10034,"statusDescription":"Refund Amount can't be greater than order amount","basketPayment":false}"
9282277625|25.55|400 Bad Request: "{"type":"ResponseDataModel","statusCode":10034,"statusDescription":"Refund Amount can't be greater than order amount","basketPayment":false}"
9282249178|36.54|400 Bad Request: "{"type":"ResponseDataModel","statusCode":9935,"statusDescription":"Something went wrong","basketPayment":false}"
9282280953|43.80|400 Bad Request: "{"type":"ResponseDataModel","statusCode":9935,"statusDescription":"Something went wrong","basketPayment":false}"
9282266965|26.90|400 Bad Request: "{"type":"ResponseDataModel","statusCode":10034,"statusDescription":"Refund Amount can't be greater than order amount","basketPayment":false}"
9282224392|38.76|400 Bad Request: "{"type":"ResponseDataModel","statusCode":9935,"statusDescription":"Something went wrong","basketPayment":false}"
9282221750|58.52|400 Bad Request: "{"type":"ResponseDataModel","statusCode":9935,"statusDescription":"Something went wrong","basketPayment":false}"
9282205790|63.30|400 Bad Request: "{"type":"ResponseDataModel","statusCode":10034,"statusDescription":"Refund Amount can't be greater than order amount","basketPayment":false}"
9282226666|10.90|400 Bad Request: "{"type":"ResponseDataModel","statusCode":9935,"statusDescription":"Something went wrong","basketPayment":false}"
9282282951|38.10|400 Bad Request: "{"type":"ResponseDataModel","statusCode":10034,"statusDescription":"Refund Amount can't be greater than order amount","basketPayment":false}"
9282208708|55.28|400 Bad Request: "{"type":"ResponseDataModel","statusCode":9935,"statusDescription":"Something went wrong","basketPayment":false}"
9282288631|34.96|400 Bad Request: "{"type":"ResponseDataModel","statusCode":9935,"statusDescription":"Something went wrong","basketPayment":false}"
9282294889|10.00|400 Bad Request: "{"type":"ResponseDataModel","statusCode":10034,"statusDescription":"Refund Amount can't be greater than order amount","basketPayment":false}"
9282286317|42.00|400 Bad Request: "{"type":"ResponseDataModel","statusCode":10034,"statusDescription":"Refund Amount can't be greater than order amount","basketPayment":false}"
9282202629|127.22|400 Bad Request: "{"type":"ResponseDataModel","statusCode":9935,"statusDescription":"Something went wrong","basketPayment":false}"
9282251104|10.00|400 Bad Request: "{"type":"ResponseDataModel","statusCode":10034,"statusDescription":"Refund Amount can't be greater than order amount","basketPayment":false}"
9282291064|89.72|400 Bad Request: "{"type":"ResponseDataModel","statusCode":9935,"statusDescription":"Something went wrong","basketPayment":false}"
9282296228|34.96|400 Bad Request: "{"type":"ResponseDataModel","statusCode":10034,"statusDescription":"Refund Amount can't be greater than order amount","basketPayment":false}"
9282239121|23.00|400 Bad Request: "{"type":"ResponseDataModel","statusCode":9935,"statusDescription":"Something went wrong","basketPayment":false}"
9282246711|15.75|400 Bad Request: "{"type":"ResponseDataModel","statusCode":10034,"statusDescription":"Refund Amount can't be greater than order amount","basketPayment":false}"
9282271308|25.55|400 Bad Request: "{"type":"ResponseDataModel","statusCode":10034,"statusDescription":"Refund Amount can't be greater than order amount","basketPayment":false}"
9282236540|115.80|400 Bad Request: "{"type":"ResponseDataModel","statusCode":9935,"statusDescription":"Something went wrong","basketPayment":false}"
9282210907|32.68|400 Bad Request: "{"type":"ResponseDataModel","statusCode":10034,"statusDescription":"Refund Amount can't be greater than order amount","basketPayment":false}"
9282216328|20.20|400 Bad Request: "{"type":"ResponseDataModel","statusCode":10034,"statusDescription":"Refund Amount can't be greater than order amount","basketPayment":false}"
9282251178|38.50|400 Bad Request: "{"type":"ResponseDataModel","statusCode":9935,"statusDescription":"Something went wrong","basketPayment":false}"
9282252278|19.27|400 Bad Request: "{"type":"ResponseDataModel","statusCode":10034,"statusDescription":"Refund Amount can't be greater than order amount","basketPayment":false}"
9282241028|70.80|400 Bad Request: "{"type":"ResponseDataModel","statusCode":10034,"statusDescription":"Refund Amount can't be greater than order amount","basketPayment":false}"
9282293989|25.30|400 Bad Request: "{"type":"ResponseDataModel","statusCode":10034,"statusDescription":"Refund Amount can't be greater than order amount","basketPayment":false}"
9282296106|45.22|400 Bad Request: "{"type":"ResponseDataModel","statusCode":9935,"statusDescription":"Something went wrong","basketPayment":false}"
9282210434|63.65|400 Bad Request: "{"type":"ResponseDataModel","statusCode":9935,"statusDescription":"Something went wrong","basketPayment":false}"
9282203705|72.10|400 Bad Request: "{"type":"ResponseDataModel","statusCode":9935,"statusDescription":"Something went wrong","basketPayment":false}"
9282280908|26.22|400 Bad Request: "{"type":"ResponseDataModel","statusCode":10034,"statusDescription":"Refund Amount can't be greater than order amount","basketPayment":false}"
9282256067|72.10|400 Bad Request: "{"type":"ResponseDataModel","statusCode":9935,"statusDescription":"Something went wrong","basketPayment":false}"
9282273987|35.50|400 Bad Request: "{"type":"ResponseDataModel","statusCode":10034,"statusDescription":"Refund Amount can't be greater than order amount","basketPayment":false}"
9282282119|32.11|400 Bad Request: "{"type":"ResponseDataModel","statusCode":10034,"statusDescription":"Refund Amount can't be greater than order amount","basketPayment":false}"
9282258084|53.10|400 Bad Request: "{"type":"ResponseDataModel","statusCode":9935,"statusDescription":"Something went wrong","basketPayment":false}"
9282243709|27.26|400 Bad Request: "{"type":"ResponseDataModel","statusCode":10034,"statusDescription":"Refund Amount can't be greater than order amount","basketPayment":false}"
9282210184|7.07|400 Bad Request: "{"type":"ResponseDataModel","statusCode":10034,"statusDescription":"Refund Amount can't be greater than order amount","basketPayment":false}"
9282289199|68.04|400 Bad Request: "{"type":"ResponseDataModel","statusCode":9935,"statusDescription":"Something went wrong","basketPayment":false}"
9282268463|59.60|400 Bad Request: "{"type":"ResponseDataModel","statusCode":9935,"statusDescription":"Something went wrong","basketPayment":false}"
9282242735|32.98|400 Bad Request: "{"type":"ResponseDataModel","statusCode":9935,"statusDescription":"Something went wrong","basketPayment":false}"
9282282257|34.30|400 Bad Request: "{"type":"ResponseDataModel","statusCode":9935,"statusDescription":"Something went wrong","basketPayment":false}"
9277821180|86.76|400 Bad Request: "{"type":"ResponseDataModel","statusCode":9935,"statusDescription":"Something went wrong","basketPayment":false}"
9277805502|10.00|400 Bad Request: "{"type":"ResponseDataModel","statusCode":10034,"statusDescription":"Refund Amount can't be greater than order amount","basketPayment":false}"
9277509823|70.70|400 Bad Request: "{"type":"ResponseDataModel","statusCode":10034,"statusDescription":"Refund Amount can't be greater than order amount","basketPayment":false}"
9277509221|71.62|400 Bad Request: "{"type":"ResponseDataModel","statusCode":9935,"statusDescription":"Something went wrong","basketPayment":false}"
9277586556|86.64|400 Bad Request: "{"type":"ResponseDataModel","statusCode":9935,"statusDescription":"Something went wrong","basketPayment":false}"
9277535970|73.50|400 Bad Request: "{"type":"ResponseDataModel","statusCode":9935,"statusDescription":"Something went wrong","basketPayment":false}"
9277532679|53.17|400 Bad Request: "{"type":"ResponseDataModel","statusCode":9935,"statusDescription":"Something went wrong","basketPayment":false}"
9277517530|38.38|400 Bad Request: "{"type":"ResponseDataModel","statusCode":10034,"statusDescription":"Refund Amount can't be greater than order amount","basketPayment":false}"
9277834567|81.31|400 Bad Request: "{"type":"ResponseDataModel","statusCode":9935,"statusDescription":"Something went wrong","basketPayment":false}"
9277545414|54.80|400 Bad Request: "{"type":"ResponseDataModel","statusCode":10034,"statusDescription":"Refund Amount can't be greater than order amount","basketPayment":false}"
9277515836|46.17|400 Bad Request: "{"type":"ResponseDataModel","statusCode":10034,"statusDescription":"Refund Amount can't be greater than order amount","basketPayment":false}"
9277506700|38.76|400 Bad Request: "{"type":"ResponseDataModel","statusCode":10034,"statusDescription":"Refund Amount can't be greater than order amount","basketPayment":false}"
9277554567|31.35|400 Bad Request: "{"type":"ResponseDataModel","statusCode":9935,"statusDescription":"Something went wrong","basketPayment":false}"
9277822998|25.85|400 Bad Request: "{"type":"ResponseDataModel","statusCode":10034,"statusDescription":"Refund Amount can't be greater than order amount","basketPayment":false}"
9277593393|10.00|400 Bad Request: "{"type":"ResponseDataModel","statusCode":10034,"statusDescription":"Refund Amount can't be greater than order amount","basketPayment":false}"
9277576875|43.56|400 Bad Request: "{"type":"ResponseDataModel","statusCode":9935,"statusDescription":"Something went wrong","basketPayment":false}"
9277573747|105.50|400 Bad Request: "{"type":"ResponseDataModel","statusCode":9935,"statusDescription":"Something went wrong","basketPayment":false}"
9277550572|25.55|400 Bad Request: "{"type":"ResponseDataModel","statusCode":10034,"statusDescription":"Refund Amount can't be greater than order amount","basketPayment":false}"
9277511952|24.21|400 Bad Request: "{"type":"ResponseDataModel","statusCode":10034,"statusDescription":"Refund Amount can't be greater than order amount","basketPayment":false}"
9277559329|5.00|400 Bad Request: "{"type":"ResponseDataModel","statusCode":10034,"statusDescription":"Refund Amount can't be greater than order amount","basketPayment":false}"
9277528357|44.46|400 Bad Request: "{"type":"ResponseDataModel","statusCode":9935,"statusDescription":"Something went wrong","basketPayment":false}"
9277553784|60.80|400 Bad Request: "{"type":"ResponseDataModel","statusCode":9935,"statusDescription":"Something went wrong","basketPayment":false}"
9277509919|32.77|400 Bad Request: "{"type":"ResponseDataModel","statusCode":10034,"statusDescription":"Refund Amount can't be greater than order amount","basketPayment":false}"
9277588878|105.50|400 Bad Request: "{"type":"ResponseDataModel","statusCode":9935,"statusDescription":"Something went wrong","basketPayment":false}"
9277564569|41.70|400 Bad Request: "{"type":"ResponseDataModel","statusCode":10034,"statusDescription":"Refund Amount can't be greater than order amount","basketPayment":false}"
9277519184|44.82|400 Bad Request: "{"type":"ResponseDataModel","statusCode":9935,"statusDescription":"Something went wrong","basketPayment":false}"
9277520558|35.50|400 Bad Request: "{"type":"ResponseDataModel","statusCode":10034,"statusDescription":"Refund Amount can't be greater than order amount","basketPayment":false}"
9277519455|36.50|400 Bad Request: "{"type":"ResponseDataModel","statusCode":10034,"statusDescription":"Refund Amount can't be greater than order amount","basketPayment":false}"
9277513273|40.54|400 Bad Request: "{"type":"ResponseDataModel","statusCode":9935,"statusDescription":"Something went wrong","basketPayment":false}"
9277504124|10.00|400 Bad Request: "{"type":"ResponseDataModel","statusCode":10034,"statusDescription":"Refund Amount can't be greater than order amount","basketPayment":false}"
9277536531|29.92|400 Bad Request: "{"type":"ResponseDataModel","statusCode":10034,"statusDescription":"Refund Amount can't be greater than order amount","basketPayment":false}"
9277503321|133.49|400 Bad Request: "{"type":"ResponseDataModel","statusCode":9935,"statusDescription":"Something went wrong","basketPayment":false}"
9277519527|23.10|400 Bad Request: "{"type":"ResponseDataModel","statusCode":10034,"statusDescription":"Refund Amount can't be greater than order amount","basketPayment":false}"
9277530187|116.70|400 Bad Request: "{"type":"ResponseDataModel","statusCode":9935,"statusDescription":"Something went wrong","basketPayment":false}"
9277529849|68.10|400 Bad Request: "{"type":"ResponseDataModel","statusCode":10034,"statusDescription":"Refund Amount can't be greater than order amount","basketPayment":false}"
9277528575|46.80|400 Bad Request: "{"type":"ResponseDataModel","statusCode":9935,"statusDescription":"Something went wrong","basketPayment":false}"
9277562100|133.49|400 Bad Request: "{"type":"ResponseDataModel","statusCode":9935,"statusDescription":"Something went wrong","basketPayment":false}"
9277514417|49.30|400 Bad Request: "{"type":"ResponseDataModel","statusCode":10034,"statusDescription":"Refund Amount can't be greater than order amount","basketPayment":false}"
9277500915|108.69|400 Bad Request: "{"type":"ResponseDataModel","statusCode":9935,"statusDescription":"Something went wrong","basketPayment":false}"
9277584993|38.00|400 Bad Request: "{"type":"ResponseDataModel","statusCode":10034,"statusDescription":"Refund Amount can't be greater than order amount","basketPayment":false}"
9277563925|10.00|400 Bad Request: "{"type":"ResponseDataModel","statusCode":10034,"statusDescription":"Refund Amount can't be greater than order amount","basketPayment":false}"
9277583410|158.43|400 Bad Request: "{"type":"ResponseDataModel","statusCode":9935,"statusDescription":"Something went wrong","basketPayment":false}"
9277531089|110.52|400 Bad Request: "{"type":"ResponseDataModel","statusCode":9935,"statusDescription":"Something went wrong","basketPayment":false}"
9277537647|93.86|400 Bad Request: "{"type":"ResponseDataModel","statusCode":9935,"statusDescription":"Something went wrong","basketPayment":false}"
9277535443|32.32|400 Bad Request: "{"type":"ResponseDataModel","statusCode":10034,"statusDescription":"Refund Amount can't be greater than order amount","basketPayment":false}"
9277596317|92.50|400 Bad Request: "{"type":"ResponseDataModel","statusCode":9935,"statusDescription":"Something went wrong","basketPayment":false}"
9277527673|127.40|400 Bad Request: "{"type":"ResponseDataModel","statusCode":9935,"statusDescription":"Something went wrong","basketPayment":false}"
9277568588|66.88|400 Bad Request: "{"type":"ResponseDataModel","statusCode":9935,"statusDescription":"Something went wrong","basketPayment":false}"
9277574754|56.50|400 Bad Request: "{"type":"ResponseDataModel","statusCode":9935,"statusDescription":"Something went wrong","basketPayment":false}"
9277548886|72.60|400 Bad Request: "{"type":"ResponseDataModel","statusCode":10034,"statusDescription":"Refund Amount can't be greater than order amount","basketPayment":false}"
9277581914|66.50|400 Bad Request: "{"type":"ResponseDataModel","statusCode":9935,"statusDescription":"Something went wrong","basketPayment":false}"
9277585206|25.55|400 Bad Request: "{"type":"ResponseDataModel","statusCode":10034,"statusDescription":"Refund Amount can't be greater than order amount","basketPayment":false}"
9277598926|37.82|400 Bad Request: "{"type":"ResponseDataModel","statusCode":9935,"statusDescription":"Something went wrong","basketPayment":false}"
9277504817|28.69|400 Bad Request: "{"type":"ResponseDataModel","statusCode":9935,"statusDescription":"Something went wrong","basketPayment":false}"
9277535836|10.00|400 Bad Request: "{"type":"ResponseDataModel","statusCode":10034,"statusDescription":"Refund Amount can't be greater than order amount","basketPayment":false}"
9277595418|40.20|400 Bad Request: "{"type":"ResponseDataModel","statusCode":9935,"statusDescription":"Something went wrong","basketPayment":false}"
9277521463|28.21|400 Bad Request: "{"type":"ResponseDataModel","statusCode":10034,"statusDescription":"Refund Amount can't be greater than order amount","basketPayment":false}"
9277508343|50.90|400 Bad Request: "{"type":"ResponseDataModel","statusCode":9935,"statusDescription":"Something went wrong","basketPayment":false}"
9277517918|36.00|400 Bad Request: "{"type":"ResponseDataModel","statusCode":9935,"statusDescription":"Something went wrong","basketPayment":false}"
9277532942|69.70|400 Bad Request: "{"type":"ResponseDataModel","statusCode":9935,"statusDescription":"Something went wrong","basketPayment":false}"
9277528664|30.90|400 Bad Request: "{"type":"ResponseDataModel","statusCode":9935,"statusDescription":"Something went wrong","basketPayment":false}"
9277511315|79.90|400 Bad Request: "{"type":"ResponseDataModel","statusCode":9935,"statusDescription":"Something went wrong","basketPayment":false}"
9277523293|41.00|400 Bad Request: "{"type":"ResponseDataModel","statusCode":9935,"statusDescription":"Something went wrong","basketPayment":false}"
9277578328|38.19|400 Bad Request: "{"type":"ResponseDataModel","statusCode":9935,"statusDescription":"Something went wrong","basketPayment":false}"
9277599177|85.60|400 Bad Request: "{"type":"ResponseDataModel","statusCode":9935,"statusDescription":"Something went wrong","basketPayment":false}"
9277524699|65.80|400 Bad Request: "{"type":"ResponseDataModel","statusCode":9935,"statusDescription":"Something went wrong","basketPayment":false}"
9277512285|29.70|400 Bad Request: "{"type":"ResponseDataModel","statusCode":9935,"statusDescription":"Something went wrong","basketPayment":false}"
9277521075|115.80|400 Bad Request: "{"type":"ResponseDataModel","statusCode":9935,"statusDescription":"Something went wrong","basketPayment":false}"
9277594112|26.90|400 Bad Request: "{"type":"ResponseDataModel","statusCode":10034,"statusDescription":"Refund Amount can't be greater than order amount","basketPayment":false}"
9277530885|34.47|400 Bad Request: "{"type":"ResponseDataModel","statusCode":10034,"statusDescription":"Refund Amount can't be greater than order amount","basketPayment":false}"
9277562016|29.70|400 Bad Request: "{"type":"ResponseDataModel","statusCode":9935,"statusDescription":"Something went wrong","basketPayment":false}"
9278183805|58.23|400 Bad Request: "{"type":"ResponseDataModel","statusCode":9935,"statusDescription":"Something went wrong","basketPayment":false}"
9278175620|79.65|400 Bad Request: "{"type":"ResponseDataModel","statusCode":9935,"statusDescription":"Something went wrong","basketPayment":false}"
9278138497|104.40|400 Bad Request: "{"type":"ResponseDataModel","statusCode":9935,"statusDescription":"Something went wrong","basketPayment":false}"
9278180229|27.55|400 Bad Request: "{"type":"ResponseDataModel","statusCode":9935,"statusDescription":"Something went wrong","basketPayment":false}"
9278106915|34.60|400 Bad Request: "{"type":"ResponseDataModel","statusCode":10034,"statusDescription":"Refund Amount can't be greater than order amount","basketPayment":false}"
9278120233|46.60|400 Bad Request: "{"type":"ResponseDataModel","statusCode":10034,"statusDescription":"Refund Amount can't be greater than order amount","basketPayment":false}"
9278146943|51.80|400 Bad Request: "{"type":"ResponseDataModel","statusCode":9935,"statusDescription":"Something went wrong","basketPayment":false}"
9278142822|42.70|400 Bad Request: "{"type":"ResponseDataModel","statusCode":10034,"statusDescription":"Refund Amount can't be greater than order amount","basketPayment":false}"
9278156379|10.00|400 Bad Request: "{"type":"ResponseDataModel","statusCode":10034,"statusDescription":"Refund Amount can't be greater than order amount","basketPayment":false}"
9278133469|46.30|400 Bad Request: "{"type":"ResponseDataModel","statusCode":9935,"statusDescription":"Something went wrong","basketPayment":false}"
9278195820|36.67|400 Bad Request: "{"type":"ResponseDataModel","statusCode":9935,"statusDescription":"Something went wrong","basketPayment":false}"
9278179262|61.80|400 Bad Request: "{"type":"ResponseDataModel","statusCode":9935,"statusDescription":"Something went wrong","basketPayment":false}"
9278181738|100.35|400 Bad Request: "{"type":"ResponseDataModel","statusCode":10034,"statusDescription":"Refund Amount can't be greater than order amount","basketPayment":false}"
9278165466|43.00|400 Bad Request: "{"type":"ResponseDataModel","statusCode":9935,"statusDescription":"Something went wrong","basketPayment":false}"
9278123363|39.14|400 Bad Request: "{"type":"ResponseDataModel","statusCode":9935,"statusDescription":"Something went wrong","basketPayment":false}"
9278194102|105.80|400 Bad Request: "{"type":"ResponseDataModel","statusCode":9935,"statusDescription":"Something went wrong","basketPayment":false}"
9278191146|38.85|400 Bad Request: "{"type":"ResponseDataModel","statusCode":9935,"statusDescription":"Something went wrong","basketPayment":false}"
9278151458|32.30|400 Bad Request: "{"type":"ResponseDataModel","statusCode":10034,"statusDescription":"Refund Amount can't be greater than order amount","basketPayment":false}"
9278128911|30.40|400 Bad Request: "{"type":"ResponseDataModel","statusCode":9935,"statusDescription":"Something went wrong","basketPayment":false}"
9278152779|49.02|400 Bad Request: "{"type":"ResponseDataModel","statusCode":9935,"statusDescription":"Something went wrong","basketPayment":false}"
9278139180|52.88|400 Bad Request: "{"type":"ResponseDataModel","statusCode":10034,"statusDescription":"Refund Amount can't be greater than order amount","basketPayment":false}"
9278138427|52.15|400 Bad Request: "{"type":"ResponseDataModel","statusCode":9935,"statusDescription":"Something went wrong","basketPayment":false}"
9278184833|107.30|400 Bad Request: "{"type":"ResponseDataModel","statusCode":9935,"statusDescription":"Something went wrong","basketPayment":false}"
9278145866|25.65|400 Bad Request: "{"type":"ResponseDataModel","statusCode":10034,"statusDescription":"Refund Amount can't be greater than order amount","basketPayment":false}"
9278141830|71.88|400 Bad Request: "{"type":"ResponseDataModel","statusCode":9935,"statusDescription":"Something went wrong","basketPayment":false}"
9278102148|82.78|400 Bad Request: "{"type":"ResponseDataModel","statusCode":9935,"statusDescription":"Something went wrong","basketPayment":false}"
9278127832|108.10|400 Bad Request: "{"type":"ResponseDataModel","statusCode":9935,"statusDescription":"Something went wrong","basketPayment":false}"
9278142040|41.13|400 Bad Request: "{"type":"ResponseDataModel","statusCode":9935,"statusDescription":"Something went wrong","basketPayment":false}"
9278130896|37.55|400 Bad Request: "{"type":"ResponseDataModel","statusCode":9935,"statusDescription":"Something went wrong","basketPayment":false}"
9278131530|28.78|400 Bad Request: "{"type":"ResponseDataModel","statusCode":9935,"statusDescription":"Something went wrong","basketPayment":false}"
9278167821|81.24|400 Bad Request: "{"type":"ResponseDataModel","statusCode":9935,"statusDescription":"Something went wrong","basketPayment":false}"
9278175930|36.19|400 Bad Request: "{"type":"ResponseDataModel","statusCode":10034,"statusDescription":"Refund Amount can't be greater than order amount","basketPayment":false}"
9278102214|45.41|400 Bad Request: "{"type":"ResponseDataModel","statusCode":9935,"statusDescription":"Something went wrong","basketPayment":false}"
9278105016|39.14|400 Bad Request: "{"type":"ResponseDataModel","statusCode":9935,"statusDescription":"Something went wrong","basketPayment":false}"
9278155917|79.27|400 Bad Request: "{"type":"ResponseDataModel","statusCode":10034,"statusDescription":"Refund Amount can't be greater than order amount","basketPayment":false}"
9278182167|17.10|400 Bad Request: "{"type":"ResponseDataModel","statusCode":9935,"statusDescription":"Something went wrong","basketPayment":false}"
9278196001|125.84|400 Bad Request: "{"type":"ResponseDataModel","statusCode":9935,"statusDescription":"Something went wrong","basketPayment":false}"
9278172244|36.27|400 Bad Request: "{"type":"ResponseDataModel","statusCode":10034,"statusDescription":"Refund Amount can't be greater than order amount","basketPayment":false}"
9278133016|48.26|400 Bad Request: "{"type":"ResponseDataModel","statusCode":10034,"statusDescription":"Refund Amount can't be greater than order amount","basketPayment":false}"
9278183720|66.30|400 Bad Request: "{"type":"ResponseDataModel","statusCode":10034,"statusDescription":"Refund Amount can't be greater than order amount","basketPayment":false}"
9278177530|33.70|400 Bad Request: "{"type":"ResponseDataModel","statusCode":10034,"statusDescription":"Refund Amount can't be greater than order amount","basketPayment":false}"
9278125013|10.00|400 Bad Request: "{"type":"ResponseDataModel","statusCode":10034,"statusDescription":"Refund Amount can't be greater than order amount","basketPayment":false}"
9278108884|10.00|400 Bad Request: "{"type":"ResponseDataModel","statusCode":10034,"statusDescription":"Refund Amount can't be greater than order amount","basketPayment":false}"
9278159504|75.00|400 Bad Request: "{"type":"ResponseDataModel","statusCode":9935,"statusDescription":"Something went wrong","basketPayment":false}"
9278106816|45.80|400 Bad Request: "{"type":"ResponseDataModel","statusCode":10034,"statusDescription":"Refund Amount can't be greater than order amount","basketPayment":false}"
9278188922|74.30|400 Bad Request: "{"type":"ResponseDataModel","statusCode":9935,"statusDescription":"Something went wrong","basketPayment":false}"
9278108722|38.28|400 Bad Request: "{"type":"ResponseDataModel","statusCode":9935,"statusDescription":"Something went wrong","basketPayment":false}"
9278138200|90.80|400 Bad Request: "{"type":"ResponseDataModel","statusCode":9935,"statusDescription":"Something went wrong","basketPayment":false}"
9278189426|113.10|400 Bad Request: "{"type":"ResponseDataModel","statusCode":9935,"statusDescription":"Something went wrong","basketPayment":false}"
9278163862|92.10|400 Bad Request: "{"type":"ResponseDataModel","statusCode":9935,"statusDescription":"Something went wrong","basketPayment":false}"
9278152415|109.80|400 Bad Request: "{"type":"ResponseDataModel","statusCode":9935,"statusDescription":"Something went wrong","basketPayment":false}"
9278119419|36.67|400 Bad Request: "{"type":"ResponseDataModel","statusCode":9935,"statusDescription":"Something went wrong","basketPayment":false}"
9278123188|10.00|400 Bad Request: "{"type":"ResponseDataModel","statusCode":10034,"statusDescription":"Refund Amount can't be greater than order amount","basketPayment":false}"
9278183280|5.00|400 Bad Request: "{"type":"ResponseDataModel","statusCode":9954,"statusDescription":"Order not paid","basketPayment":false}"
9278186983|40.20|400 Bad Request: "{"type":"ResponseDataModel","statusCode":10034,"statusDescription":"Refund Amount can't be greater than order amount","basketPayment":false}"
9278144373|57.85|400 Bad Request: "{"type":"ResponseDataModel","statusCode":10034,"statusDescription":"Refund Amount can't be greater than order amount","basketPayment":false}"
9278135251|42.65|400 Bad Request: "{"type":"ResponseDataModel","statusCode":9935,"statusDescription":"Something went wrong","basketPayment":false}"
9278198656|32.77|400 Bad Request: "{"type":"ResponseDataModel","statusCode":10034,"statusDescription":"Refund Amount can't be greater than order amount","basketPayment":false}"
9278121062|41.80|400 Bad Request: "{"type":"ResponseDataModel","statusCode":9935,"statusDescription":"Something went wrong","basketPayment":false}"
9278171521|77.00|400 Bad Request: "{"type":"ResponseDataModel","statusCode":9935,"statusDescription":"Something went wrong","basketPayment":false}"
9278130517|26.98|400 Bad Request: "{"type":"ResponseDataModel","statusCode":10034,"statusDescription":"Refund Amount can't be greater than order amount","basketPayment":false}"
9278186883|29.16|400 Bad Request: "{"type":"ResponseDataModel","statusCode":10034,"statusDescription":"Refund Amount can't be greater than order amount","basketPayment":false}"
9278164229|84.50|400 Bad Request: "{"type":"ResponseDataModel","statusCode":9935,"statusDescription":"Something went wrong","basketPayment":false}"
9278119449|61.60|400 Bad Request: "{"type":"ResponseDataModel","statusCode":9935,"statusDescription":"Something went wrong","basketPayment":false}"
9278193312|26.80|400 Bad Request: "{"type":"ResponseDataModel","statusCode":10034,"statusDescription":"Refund Amount can't be greater than order amount","basketPayment":false}"
9278179923|37.70|400 Bad Request: "{"type":"ResponseDataModel","statusCode":10034,"statusDescription":"Refund Amount can't be greater than order amount","basketPayment":false}"
9278169455|11.70|400 Bad Request: "{"type":"ResponseDataModel","statusCode":10034,"statusDescription":"Refund Amount can't be greater than order amount","basketPayment":false}"
9278155569|5.40|400 Bad Request: "{"type":"ResponseDataModel","statusCode":10034,"statusDescription":"Refund Amount can't be greater than order amount","basketPayment":false}"
9278172450|24.21|400 Bad Request: "{"type":"ResponseDataModel","statusCode":10034,"statusDescription":"Refund Amount can't be greater than order amount","basketPayment":false}"
9278111316|157.86|400 Bad Request: "{"type":"ResponseDataModel","statusCode":9935,"statusDescription":"Something went wrong","basketPayment":false}"
9278128504|36.00|400 Bad Request: "{"type":"ResponseDataModel","statusCode":10034,"statusDescription":"Refund Amount can't be greater than order amount","basketPayment":false}"
9278122574|33.06|400 Bad Request: "{"type":"ResponseDataModel","statusCode":10034,"statusDescription":"Refund Amount can't be greater than order amount","basketPayment":false}"
9278199160|75.40|400 Bad Request: "{"type":"ResponseDataModel","statusCode":10034,"statusDescription":"Refund Amount can't be greater than order amount","basketPayment":false}"
9278167887|93.40|400 Bad Request: "{"type":"ResponseDataModel","statusCode":9935,"statusDescription":"Something went wrong","basketPayment":false}"
9278146668|33.10|400 Bad Request: "{"type":"ResponseDataModel","statusCode":9935,"statusDescription":"Something went wrong","basketPayment":false}"
9278107452|70.65|400 Bad Request: "{"type":"ResponseDataModel","statusCode":10034,"statusDescription":"Refund Amount can't be greater than order amount","basketPayment":false}"
9278102623|66.31|400 Bad Request: "{"type":"ResponseDataModel","statusCode":10034,"statusDescription":"Refund Amount can't be greater than order amount","basketPayment":false}"
9278198355|78.60|400 Bad Request: "{"type":"ResponseDataModel","statusCode":10034,"statusDescription":"Refund Amount can't be greater than order amount","basketPayment":false}"
9278135757|27.90|400 Bad Request: "{"type":"ResponseDataModel","statusCode":10034,"statusDescription":"Refund Amount can't be greater than order amount","basketPayment":false}"
9278175269|50.50|400 Bad Request: "{"type":"ResponseDataModel","statusCode":10034,"statusDescription":"Refund Amount can't be greater than order amount","basketPayment":false}"
9278143905|84.00|400 Bad Request: "{"type":"ResponseDataModel","statusCode":10034,"statusDescription":"Refund Amount can't be greater than order amount","basketPayment":false}"
9278112523|80.80|400 Bad Request: "{"type":"ResponseDataModel","statusCode":9935,"statusDescription":"Something went wrong","basketPayment":false}"
9278139669|33.72|400 Bad Request: "{"type":"ResponseDataModel","statusCode":10034,"statusDescription":"Refund Amount can't be greater than order amount","basketPayment":false}"
9278119736|29.62|400 Bad Request: "{"type":"ResponseDataModel","statusCode":10034,"statusDescription":"Refund Amount can't be greater than order amount","basketPayment":false}"
9278177532|192.80|400 Bad Request: "{"type":"ResponseDataModel","statusCode":9935,"statusDescription":"Something went wrong","basketPayment":false}"
9278126171|34.00|400 Bad Request: "{"type":"ResponseDataModel","statusCode":9935,"statusDescription":"Something went wrong","basketPayment":false}"
9278191813|43.40|400 Bad Request: "{"type":"ResponseDataModel","statusCode":9935,"statusDescription":"Something went wrong","basketPayment":false}"
9278107282|28.88|400 Bad Request: "{"type":"ResponseDataModel","statusCode":9935,"statusDescription":"Something went wrong","basketPayment":false}"
9278141951|5.00|400 Bad Request: "{"type":"ResponseDataModel","statusCode":9954,"statusDescription":"Order not paid","basketPayment":false}"
9278183201|28.21|400 Bad Request: "{"type":"ResponseDataModel","statusCode":10034,"statusDescription":"Refund Amount can't be greater than order amount","basketPayment":false}"
9278102363|35.04|400 Bad Request: "{"type":"ResponseDataModel","statusCode":9935,"statusDescription":"Something went wrong","basketPayment":false}"
9278122062|24.90|400 Bad Request: "{"type":"ResponseDataModel","statusCode":10034,"statusDescription":"Refund Amount can't be greater than order amount","basketPayment":false}"
9278143028|32.30|400 Bad Request: "{"type":"ResponseDataModel","statusCode":10034,"statusDescription":"Refund Amount can't be greater than order amount","basketPayment":false}"
9278166907|53.01|400 Bad Request: "{"type":"ResponseDataModel","statusCode":10034,"statusDescription":"Refund Amount can't be greater than order amount","basketPayment":false}"
9278175902|34.00|400 Bad Request: "{"type":"ResponseDataModel","statusCode":9935,"statusDescription":"Something went wrong","basketPayment":false}"
9278158441|5.00|400 Bad Request: "{"type":"ResponseDataModel","statusCode":10034,"statusDescription":"Refund Amount can't be greater than order amount","basketPayment":false}"
9278137669|121.71|400 Bad Request: "{"type":"ResponseDataModel","statusCode":9935,"statusDescription":"Something went wrong","basketPayment":false}"
9278114150|34.00|400 Bad Request: "{"type":"ResponseDataModel","statusCode":10034,"statusDescription":"Refund Amount can't be greater than order amount","basketPayment":false}"
9278134165|141.71|400 Bad Request: "{"type":"ResponseDataModel","statusCode":9935,"statusDescription":"Something went wrong","basketPayment":false}"
9278179846|12.37|400 Bad Request: "{"type":"ResponseDataModel","statusCode":10034,"statusDescription":"Refund Amount can't be greater than order amount","basketPayment":false}"
9278146405|18.60|400 Bad Request: "{"type":"ResponseDataModel","statusCode":10034,"statusDescription":"Refund Amount can't be greater than order amount","basketPayment":false}"
9278118331|31.52|400 Bad Request: "{"type":"ResponseDataModel","statusCode":10034,"statusDescription":"Refund Amount can't be greater than order amount","basketPayment":false}"
9278115899|34.00|400 Bad Request: "{"type":"ResponseDataModel","statusCode":9935,"statusDescription":"Something went wrong","basketPayment":false}"
9278185071|27.26|400 Bad Request: "{"type":"ResponseDataModel","statusCode":10034,"statusDescription":"Refund Amount can't be greater than order amount","basketPayment":false}"
9278163878|29.40|400 Bad Request: "{"type":"ResponseDataModel","statusCode":10034,"statusDescription":"Refund Amount can't be greater than order amount","basketPayment":false}"
9278173063|128.10|400 Bad Request: "{"type":"ResponseDataModel","statusCode":9935,"statusDescription":"Something went wrong","basketPayment":false}"
9278133227|41.13|400 Bad Request: "{"type":"ResponseDataModel","statusCode":10034,"statusDescription":"Refund Amount can't be greater than order amount","basketPayment":false}"
9278138042|47.30|400 Bad Request: "{"type":"ResponseDataModel","statusCode":10034,"statusDescription":"Refund Amount can't be greater than order amount","basketPayment":false}"
9278175317|46.05|400 Bad Request: "{"type":"ResponseDataModel","statusCode":9935,"statusDescription":"Something went wrong","basketPayment":false}"
9278152226|25.00|400 Bad Request: "{"type":"ResponseDataModel","statusCode":10034,"statusDescription":"Refund Amount can't be greater than order amount","basketPayment":false}"
9278159592|42.30|400 Bad Request: "{"type":"ResponseDataModel","statusCode":10034,"statusDescription":"Refund Amount can't be greater than order amount","basketPayment":false}"
9278194668|43.41|400 Bad Request: "{"type":"ResponseDataModel","statusCode":10034,"statusDescription":"Refund Amount can't be greater than order amount","basketPayment":false}"
9278185680|33.82|400 Bad Request: "{"type":"ResponseDataModel","statusCode":10034,"statusDescription":"Refund Amount can't be greater than order amount","basketPayment":false}"
9278153508|60.80|400 Bad Request: "{"type":"ResponseDataModel","statusCode":9935,"statusDescription":"Something went wrong","basketPayment":false}"
9278198652|30.87|400 Bad Request: "{"type":"ResponseDataModel","statusCode":10034,"statusDescription":"Refund Amount can't be greater than order amount","basketPayment":false}"
9278132352|33.60|400 Bad Request: "{"type":"ResponseDataModel","statusCode":10034,"statusDescription":"Refund Amount can't be greater than order amount","basketPayment":false}"
9278190224|32.30|400 Bad Request: "{"type":"ResponseDataModel","statusCode":10034,"statusDescription":"Refund Amount can't be greater than order amount","basketPayment":false}"
9278103022|26.31|400 Bad Request: "{"type":"ResponseDataModel","statusCode":10034,"statusDescription":"Refund Amount can't be greater than order amount","basketPayment":false}"
9278165186|35.43|400 Bad Request: "{"type":"ResponseDataModel","statusCode":10034,"statusDescription":"Refund Amount can't be greater than order amount","basketPayment":false}"
9278178803|58.34|400 Bad Request: "{"type":"ResponseDataModel","statusCode":9935,"statusDescription":"Something went wrong","basketPayment":false}"
9278175967|46.70|400 Bad Request: "{"type":"ResponseDataModel","statusCode":9935,"statusDescription":"Something went wrong","basketPayment":false}"
9278179656|41.50|400 Bad Request: "{"type":"ResponseDataModel","statusCode":9935,"statusDescription":"Something went wrong","basketPayment":false}"
9278118462|32.96|400 Bad Request: "{"type":"ResponseDataModel","statusCode":9935,"statusDescription":"Something went wrong","basketPayment":false}"
9278191005|7.07|400 Bad Request: "{"type":"ResponseDataModel","statusCode":10034,"statusDescription":"Refund Amount can't be greater than order amount","basketPayment":false}"
9278194880|31.06|400 Bad Request: "{"type":"ResponseDataModel","statusCode":10034,"statusDescription":"Refund Amount can't be greater than order amount","basketPayment":false}"
9278115796|118.79|400 Bad Request: "{"type":"ResponseDataModel","statusCode":9935,"statusDescription":"Something went wrong","basketPayment":false}"
9278165363|28.21|400 Bad Request: "{"type":"ResponseDataModel","statusCode":10034,"statusDescription":"Refund Amount can't be greater than order amount","basketPayment":false}"
9278107811|43.61|400 Bad Request: "{"type":"ResponseDataModel","statusCode":10034,"statusDescription":"Refund Amount can't be greater than order amount","basketPayment":false}"
9278157520|92.70|400 Bad Request: "{"type":"ResponseDataModel","statusCode":9935,"statusDescription":"Something went wrong","basketPayment":false}"
9278152073|30.00|400 Bad Request: "{"type":"ResponseDataModel","statusCode":10034,"statusDescription":"Refund Amount can't be greater than order amount","basketPayment":false}"
9278116648|64.61|400 Bad Request: "{"type":"ResponseDataModel","statusCode":10034,"statusDescription":"Refund Amount can't be greater than order amount","basketPayment":false}"
9278187659|12.00|400 Bad Request: "{"type":"ResponseDataModel","statusCode":10034,"statusDescription":"Refund Amount can't be greater than order amount","basketPayment":false}"
9278129547|82.42|400 Bad Request: "{"type":"ResponseDataModel","statusCode":9935,"statusDescription":"Something went wrong","basketPayment":false}"
9278104392|75.10|400 Bad Request: "{"type":"ResponseDataModel","statusCode":9935,"statusDescription":"Something went wrong","basketPayment":false}"
9278100353|36.76|400 Bad Request: "{"type":"ResponseDataModel","statusCode":9935,"statusDescription":"Something went wrong","basketPayment":false}"
9278179174|47.90|400 Bad Request: "{"type":"ResponseDataModel","statusCode":10034,"statusDescription":"Refund Amount can't be greater than order amount","basketPayment":false}"
9278129658|41.72|400 Bad Request: "{"type":"ResponseDataModel","statusCode":9935,"statusDescription":"Something went wrong","basketPayment":false}"
9278143679|25.55|400 Bad Request: "{"type":"ResponseDataModel","statusCode":10034,"statusDescription":"Refund Amount can't be greater than order amount","basketPayment":false}"
9278175041|15.05|400 Bad Request: "{"type":"ResponseDataModel","statusCode":10034,"statusDescription":"Refund Amount can't be greater than order amount","basketPayment":false}"
9278139628|96.30|400 Bad Request: "{"type":"ResponseDataModel","statusCode":9935,"statusDescription":"Something went wrong","basketPayment":false}"
9278128025|27.80|400 Bad Request: "{"type":"ResponseDataModel","statusCode":9935,"statusDescription":"Something went wrong","basketPayment":false}"
9278143552|71.80|400 Bad Request: "{"type":"ResponseDataModel","statusCode":10034,"statusDescription":"Refund Amount can't be greater than order amount","basketPayment":false}"
9278161079|25.55|400 Bad Request: "{"type":"ResponseDataModel","statusCode":10034,"statusDescription":"Refund Amount can't be greater than order amount","basketPayment":false}"
9278176798|55.50|400 Bad Request: "{"type":"ResponseDataModel","statusCode":9935,"statusDescription":"Something went wrong","basketPayment":false}"
9278126958|89.28|400 Bad Request: "{"type":"ResponseDataModel","statusCode":9935,"statusDescription":"Something went wrong","basketPayment":false}"
9278128493|40.50|400 Bad Request: "{"type":"ResponseDataModel","statusCode":9935,"statusDescription":"Something went wrong","basketPayment":false}"
9278105671|32.01|400 Bad Request: "{"type":"ResponseDataModel","statusCode":9935,"statusDescription":"Something went wrong","basketPayment":false}"
9278118768|25.55|400 Bad Request: "{"type":"ResponseDataModel","statusCode":9935,"statusDescription":"Something went wrong","basketPayment":false}"
9278140562|51.35|400 Bad Request: "{"type":"ResponseDataModel","statusCode":10034,"statusDescription":"Refund Amount can't be greater than order amount","basketPayment":false}"
9278158333|48.90|400 Bad Request: "{"type":"ResponseDataModel","statusCode":9935,"statusDescription":"Something went wrong","basketPayment":false}"
9278125801|30.21|400 Bad Request: "{"type":"ResponseDataModel","statusCode":10034,"statusDescription":"Refund Amount can't be greater than order amount","basketPayment":false}"
9278139933|32.68|400 Bad Request: "{"type":"ResponseDataModel","statusCode":10034,"statusDescription":"Refund Amount can't be greater than order amount","basketPayment":false}"
9278164746|95.70|400 Bad Request: "{"type":"ResponseDataModel","statusCode":9935,"statusDescription":"Something went wrong","basketPayment":false}"
9278146674|39.00|400 Bad Request: "{"type":"ResponseDataModel","statusCode":10034,"statusDescription":"Refund Amount can't be greater than order amount","basketPayment":false}"
9278109325|18.30|400 Bad Request: "{"type":"ResponseDataModel","statusCode":10034,"statusDescription":"Refund Amount can't be greater than order amount","basketPayment":false}"
9278197544|44.27|400 Bad Request: "{"type":"ResponseDataModel","statusCode":10034,"statusDescription":"Refund Amount can't be greater than order amount","basketPayment":false}"
9278115934|106.00|400 Bad Request: "{"type":"ResponseDataModel","statusCode":9935,"statusDescription":"Something went wrong","basketPayment":false}"
9278159864|69.00|400 Bad Request: "{"type":"ResponseDataModel","statusCode":9935,"statusDescription":"Something went wrong","basketPayment":false}"
9278101670|43.60|400 Bad Request: "{"type":"ResponseDataModel","statusCode":9935,"statusDescription":"Something went wrong","basketPayment":false}"
9278182835|86.40|400 Bad Request: "{"type":"ResponseDataModel","statusCode":9935,"statusDescription":"Something went wrong","basketPayment":false}"
9278186587|104.30|400 Bad Request: "{"type":"ResponseDataModel","statusCode":9935,"statusDescription":"Something went wrong","basketPayment":false}"
9278102079|60.80|400 Bad Request: "{"type":"ResponseDataModel","statusCode":9935,"statusDescription":"Something went wrong","basketPayment":false}"
9278198883|33.57|400 Bad Request: "{"type":"ResponseDataModel","statusCode":9935,"statusDescription":"Something went wrong","basketPayment":false}"
9278192691|18.10|400 Bad Request: "{"type":"ResponseDataModel","statusCode":10034,"statusDescription":"Refund Amount can't be greater than order amount","basketPayment":false}"
9278101311|38.00|400 Bad Request: "{"type":"ResponseDataModel","statusCode":10034,"statusDescription":"Refund Amount can't be greater than order amount","basketPayment":false}"
9278150998|25.55|400 Bad Request: "{"type":"ResponseDataModel","statusCode":10034,"statusDescription":"Refund Amount can't be greater than order amount","basketPayment":false}"
9278150936|76.50|400 Bad Request: "{"type":"ResponseDataModel","statusCode":9935,"statusDescription":"Something went wrong","basketPayment":false}"
9278192472|76.90|400 Bad Request: "{"type":"ResponseDataModel","statusCode":10034,"statusDescription":"Refund Amount can't be greater than order amount","basketPayment":false}"
9278142556|59.20|400 Bad Request: "{"type":"ResponseDataModel","statusCode":10034,"statusDescription":"Refund Amount can't be greater than order amount","basketPayment":false}"
9278173563|58.90|400 Bad Request: "{"type":"ResponseDataModel","statusCode":9935,"statusDescription":"Something went wrong","basketPayment":false}"
9278162742|13.30|400 Bad Request: "{"type":"ResponseDataModel","statusCode":10034,"statusDescription":"Refund Amount can't be greater than order amount","basketPayment":false}"
9278138942|37.42|400 Bad Request: "{"type":"ResponseDataModel","statusCode":9935,"statusDescription":"Something went wrong","basketPayment":false}"
9278182478|57.66|400 Bad Request: "{"type":"ResponseDataModel","statusCode":9935,"statusDescription":"Something went wrong","basketPayment":false}"
9278138307|101.59|400 Bad Request: "{"type":"ResponseDataModel","statusCode":9935,"statusDescription":"Something went wrong","basketPayment":false}"
9278194202|40.37|400 Bad Request: "{"type":"ResponseDataModel","statusCode":10034,"statusDescription":"Refund Amount can't be greater than order amount","basketPayment":false}"
9278153466|26.50|400 Bad Request: "{"type":"ResponseDataModel","statusCode":10034,"statusDescription":"Refund Amount can't be greater than order amount","basketPayment":false}"
9278124363|27.70|400 Bad Request: "{"type":"ResponseDataModel","statusCode":10034,"statusDescription":"Refund Amount can't be greater than order amount","basketPayment":false}"
9278150899|29.07|400 Bad Request: "{"type":"ResponseDataModel","statusCode":10034,"statusDescription":"Refund Amount can't be greater than order amount","basketPayment":false}"
9278197319|55.70|400 Bad Request: "{"type":"ResponseDataModel","statusCode":10034,"statusDescription":"Refund Amount can't be greater than order amount","basketPayment":false}"
9278116077|39.30|400 Bad Request: "{"type":"ResponseDataModel","statusCode":9935,"statusDescription":"Something went wrong","basketPayment":false}"
9278154169|121.20|400 Bad Request: "{"type":"ResponseDataModel","statusCode":9935,"statusDescription":"Something went wrong","basketPayment":false}"
9278107563|34.70|400 Bad Request: "{"type":"ResponseDataModel","statusCode":10034,"statusDescription":"Refund Amount can't be greater than order amount","basketPayment":false}"
9278106762|96.30|400 Bad Request: "{"type":"ResponseDataModel","statusCode":9935,"statusDescription":"Something went wrong","basketPayment":false}"
9278170262|45.00|400 Bad Request: "{"type":"ResponseDataModel","statusCode":9935,"statusDescription":"Something went wrong","basketPayment":false}"
9278149739|67.75|400 Bad Request: "{"type":"ResponseDataModel","statusCode":9935,"statusDescription":"Something went wrong","basketPayment":false}"
9278131025|29.73|400 Bad Request: "{"type":"ResponseDataModel","statusCode":10034,"statusDescription":"Refund Amount can't be greater than order amount","basketPayment":false}"
9278150303|51.66|400 Bad Request: "{"type":"ResponseDataModel","statusCode":10034,"statusDescription":"Refund Amount can't be greater than order amount","basketPayment":false}"
9278113911|158.46|400 Bad Request: "{"type":"ResponseDataModel","statusCode":9935,"statusDescription":"Something went wrong","basketPayment":false}"
9278170378|36.10|400 Bad Request: "{"type":"ResponseDataModel","statusCode":9935,"statusDescription":"Something went wrong","basketPayment":false}"
9278168803|35.40|400 Bad Request: "{"type":"ResponseDataModel","statusCode":10034,"statusDescription":"Refund Amount can't be greater than order amount","basketPayment":false}"
9278138437|91.60|400 Bad Request: "{"type":"ResponseDataModel","statusCode":9935,"statusDescription":"Something went wrong","basketPayment":false}"
9278164988|26.88|400 Bad Request: "{"type":"ResponseDataModel","statusCode":10034,"statusDescription":"Refund Amount can't be greater than order amount","basketPayment":false}"
9278122931|59.90|400 Bad Request: "{"type":"ResponseDataModel","statusCode":9935,"statusDescription":"Something went wrong","basketPayment":false}"
9278127387|62.30|400 Bad Request: "{"type":"ResponseDataModel","statusCode":9935,"statusDescription":"Something went wrong","basketPayment":false}"
9278193554|89.40|400 Bad Request: "{"type":"ResponseDataModel","statusCode":9935,"statusDescription":"Something went wrong","basketPayment":false}"
9278117519|34.68|400 Bad Request: "{"type":"ResponseDataModel","statusCode":10034,"statusDescription":"Refund Amount can't be greater than order amount","basketPayment":false}"
9278116329|45.20|400 Bad Request: "{"type":"ResponseDataModel","statusCode":9935,"statusDescription":"Something went wrong","basketPayment":false}"
9278131445|32.96|400 Bad Request: "{"type":"ResponseDataModel","statusCode":9935,"statusDescription":"Something went wrong","basketPayment":false}"
9278134683|105.30|400 Bad Request: "{"type":"ResponseDataModel","statusCode":9935,"statusDescription":"Something went wrong","basketPayment":false}"
9278120463|45.88|400 Bad Request: "{"type":"ResponseDataModel","statusCode":9935,"statusDescription":"Something went wrong","basketPayment":false}"
9278117441|22.60|400 Bad Request: "{"type":"ResponseDataModel","statusCode":9935,"statusDescription":"Something went wrong","basketPayment":false}"
9278167988|61.72|400 Bad Request: "{"type":"ResponseDataModel","statusCode":10034,"statusDescription":"Refund Amount can't be greater than order amount","basketPayment":false}"
9278176139|40.48|400 Bad Request: "{"type":"ResponseDataModel","statusCode":9935,"statusDescription":"Something went wrong","basketPayment":false}"
9278172233|95.20|400 Bad Request: "{"type":"ResponseDataModel","statusCode":10034,"statusDescription":"Refund Amount can't be greater than order amount","basketPayment":false}"
9278131960|49.30|400 Bad Request: "{"type":"ResponseDataModel","statusCode":9935,"statusDescription":"Something went wrong","basketPayment":false}"
9278146466|66.00|400 Bad Request: "{"type":"ResponseDataModel","statusCode":9935,"statusDescription":"Something went wrong","basketPayment":false}"
9278198328|66.00|400 Bad Request: "{"type":"ResponseDataModel","statusCode":9935,"statusDescription":"Something went wrong","basketPayment":false}"
9278106361|80.40|400 Bad Request: "{"type":"ResponseDataModel","statusCode":9935,"statusDescription":"Something went wrong","basketPayment":false}"
9278157961|59.10|400 Bad Request: "{"type":"ResponseDataModel","statusCode":9935,"statusDescription":"Something went wrong","basketPayment":false}"
9278156729|67.10|400 Bad Request: "{"type":"ResponseDataModel","statusCode":9935,"statusDescription":"Something went wrong","basketPayment":false}"
9278162337|91.60|400 Bad Request: "{"type":"ResponseDataModel","statusCode":10034,"statusDescription":"Refund Amount can't be greater than order amount","basketPayment":false}"
9278193909|51.60|400 Bad Request: "{"type":"ResponseDataModel","statusCode":9935,"statusDescription":"Something went wrong","basketPayment":false}"
9278158157|86.02|400 Bad Request: "{"type":"ResponseDataModel","statusCode":9935,"statusDescription":"Something went wrong","basketPayment":false}"
9278163830|25.74|400 Bad Request: "{"type":"ResponseDataModel","statusCode":10034,"statusDescription":"Refund Amount can't be greater than order amount","basketPayment":false}"
9278116277|59.10|400 Bad Request: "{"type":"ResponseDataModel","statusCode":9935,"statusDescription":"Something went wrong","basketPayment":false}"
9278100996|39.44|400 Bad Request: "{"type":"ResponseDataModel","statusCode":10034,"statusDescription":"Refund Amount can't be greater than order amount","basketPayment":false}"
9278108716|31.92|400 Bad Request: "{"type":"ResponseDataModel","statusCode":10034,"statusDescription":"Refund Amount can't be greater than order amount","basketPayment":false}"
9278170779|115.10|400 Bad Request: "{"type":"ResponseDataModel","statusCode":9935,"statusDescription":"Something went wrong","basketPayment":false}"
9278180691|59.16|400 Bad Request: "{"type":"ResponseDataModel","statusCode":10034,"statusDescription":"Refund Amount can't be greater than order amount","basketPayment":false}"
9278186493|57.95|400 Bad Request: "{"type":"ResponseDataModel","statusCode":9935,"statusDescription":"Something went wrong","basketPayment":false}"
9278182485|66.92|400 Bad Request: "{"type":"ResponseDataModel","statusCode":9935,"statusDescription":"Something went wrong","basketPayment":false}"
9278184415|21.42|400 Bad Request: "{"type":"ResponseDataModel","statusCode":10034,"statusDescription":"Refund Amount can't be greater than order amount","basketPayment":false}"
9278123925|33.93|400 Bad Request: "{"type":"ResponseDataModel","statusCode":9935,"statusDescription":"Something went wrong","basketPayment":false}"
9278138961|26.80|400 Bad Request: "{"type":"ResponseDataModel","statusCode":10034,"statusDescription":"Refund Amount can't be greater than order amount","basketPayment":false}"
9278177984|72.96|400 Bad Request: "{"type":"ResponseDataModel","statusCode":9935,"statusDescription":"Something went wrong","basketPayment":false}"
9278158392|37.00|400 Bad Request: "{"type":"ResponseDataModel","statusCode":9935,"statusDescription":"Something went wrong","basketPayment":false}"
9278138114|43.20|400 Bad Request: "{"type":"ResponseDataModel","statusCode":10034,"statusDescription":"Refund Amount can't be greater than order amount","basketPayment":false}"
9278191071|87.20|400 Bad Request: "{"type":"ResponseDataModel","statusCode":9935,"statusDescription":"Something went wrong","basketPayment":false}"
9278128029|105.40|400 Bad Request: "{"type":"ResponseDataModel","statusCode":9935,"statusDescription":"Something went wrong","basketPayment":false}"
9278167694|51.40|400 Bad Request: "{"type":"ResponseDataModel","statusCode":9935,"statusDescription":"Something went wrong","basketPayment":false}"
9278129335|120.54|400 Bad Request: "{"type":"ResponseDataModel","statusCode":9935,"statusDescription":"Something went wrong","basketPayment":false}"
9278163597|7.98|400 Bad Request: "{"type":"ResponseDataModel","statusCode":10034,"statusDescription":"Refund Amount can't be greater than order amount","basketPayment":false}"
9278161171|45.88|400 Bad Request: "{"type":"ResponseDataModel","statusCode":9935,"statusDescription":"Something went wrong","basketPayment":false}"
9278104570|53.58|400 Bad Request: "{"type":"ResponseDataModel","statusCode":9935,"statusDescription":"Something went wrong","basketPayment":false}"
9278110300|63.26|400 Bad Request: "{"type":"ResponseDataModel","statusCode":10034,"statusDescription":"Refund Amount can't be greater than order amount","basketPayment":false}"
9278199995|74.73|400 Bad Request: "{"type":"ResponseDataModel","statusCode":9935,"statusDescription":"Something went wrong","basketPayment":false}"
9278119371|47.97|400 Bad Request: "{"type":"ResponseDataModel","statusCode":10034,"statusDescription":"Refund Amount can't be greater than order amount","basketPayment":false}"
9278130074|55.80|400 Bad Request: "{"type":"ResponseDataModel","statusCode":9935,"statusDescription":"Something went wrong","basketPayment":false}"
9278117598|18.00|400 Bad Request: "{"type":"ResponseDataModel","statusCode":10034,"statusDescription":"Refund Amount can't be greater than order amount","basketPayment":false}"
9278197402|9.52|400 Bad Request: "{"type":"ResponseDataModel","statusCode":10034,"statusDescription":"Refund Amount can't be greater than order amount","basketPayment":false}"
9278120703|65.07|400 Bad Request: "{"type":"ResponseDataModel","statusCode":9935,"statusDescription":"Something went wrong","basketPayment":false}"
9278146153|59.60|400 Bad Request: "{"type":"ResponseDataModel","statusCode":9935,"statusDescription":"Something went wrong","basketPayment":false}"
9278141564|105.40|400 Bad Request: "{"type":"ResponseDataModel","statusCode":9935,"statusDescription":"Something went wrong","basketPayment":false}"
9278194639|65.60|400 Bad Request: "{"type":"ResponseDataModel","statusCode":9935,"statusDescription":"Something went wrong","basketPayment":false}"
9278125163|49.59|400 Bad Request: "{"type":"ResponseDataModel","statusCode":9935,"statusDescription":"Something went wrong","basketPayment":false}"
9278192668|112.00|400 Bad Request: "{"type":"ResponseDataModel","statusCode":9935,"statusDescription":"Something went wrong","basketPayment":false}"
9278195374|45.60|400 Bad Request: "{"type":"ResponseDataModel","statusCode":9935,"statusDescription":"Something went wrong","basketPayment":false}"
9278103094|116.20|400 Bad Request: "{"type":"ResponseDataModel","statusCode":9935,"statusDescription":"Something went wrong","basketPayment":false}"
9278143512|47.80|400 Bad Request: "{"type":"ResponseDataModel","statusCode":9935,"statusDescription":"Something went wrong","basketPayment":false}"
9278159909|35.53|400 Bad Request: "{"type":"ResponseDataModel","statusCode":10034,"statusDescription":"Refund Amount can't be greater than order amount","basketPayment":false}"
9278140219|10.00|400 Bad Request: "{"type":"ResponseDataModel","statusCode":10034,"statusDescription":"Refund Amount can't be greater than order amount","basketPayment":false}"
9278187823|29.35|400 Bad Request: "{"type":"ResponseDataModel","statusCode":10034,"statusDescription":"Refund Amount can't be greater than order amount","basketPayment":false}"
9278143700|32.50|400 Bad Request: "{"type":"ResponseDataModel","statusCode":9935,"statusDescription":"Something went wrong","basketPayment":false}"
9278181757|30.21|400 Bad Request: "{"type":"ResponseDataModel","statusCode":9935,"statusDescription":"Something went wrong","basketPayment":false}"
9278121479|83.60|400 Bad Request: "{"type":"ResponseDataModel","statusCode":9935,"statusDescription":"Something went wrong","basketPayment":false}"
9278156398|48.69|400 Bad Request: "{"type":"ResponseDataModel","statusCode":10034,"statusDescription":"Refund Amount can't be greater than order amount","basketPayment":false}"
9278149418|28.88|400 Bad Request: "{"type":"ResponseDataModel","statusCode":10034,"statusDescription":"Refund Amount can't be greater than order amount","basketPayment":false}"
9278148137|58.04|400 Bad Request: "{"type":"ResponseDataModel","statusCode":9935,"statusDescription":"Something went wrong","basketPayment":false}"
9278139749|28.40|400 Bad Request: "{"type":"ResponseDataModel","statusCode":10034,"statusDescription":"Refund Amount can't be greater than order amount","basketPayment":false}"
9278176946|54.92|400 Bad Request: "{"type":"ResponseDataModel","statusCode":9935,"statusDescription":"Something went wrong","basketPayment":false}"
9278185280|84.70|400 Bad Request: "{"type":"ResponseDataModel","statusCode":9935,"statusDescription":"Something went wrong","basketPayment":false}"
9278102378|37.14|400 Bad Request: "{"type":"ResponseDataModel","statusCode":10034,"statusDescription":"Refund Amount can't be greater than order amount","basketPayment":false}"
9278104982|60.12|400 Bad Request: "{"type":"ResponseDataModel","statusCode":10034,"statusDescription":"Refund Amount can't be greater than order amount","basketPayment":false}"
9278131329|64.80|400 Bad Request: "{"type":"ResponseDataModel","statusCode":10034,"statusDescription":"Refund Amount can't be greater than order amount","basketPayment":false}"
9278106611|75.00|400 Bad Request: "{"type":"ResponseDataModel","statusCode":9935,"statusDescription":"Something went wrong","basketPayment":false}"
9278108038|47.40|400 Bad Request: "{"type":"ResponseDataModel","statusCode":10034,"statusDescription":"Refund Amount can't be greater than order amount","basketPayment":false}"
9278182329|11.97|400 Bad Request: "{"type":"ResponseDataModel","statusCode":10034,"statusDescription":"Refund Amount can't be greater than order amount","basketPayment":false}"
9278178730|25.28|400 Bad Request: "{"type":"ResponseDataModel","statusCode":10034,"statusDescription":"Refund Amount can't be greater than order amount","basketPayment":false}"
9278112348|28.02|400 Bad Request: "{"type":"ResponseDataModel","statusCode":10034,"statusDescription":"Refund Amount can't be greater than order amount","basketPayment":false}"
9278111363|33.50|400 Bad Request: "{"type":"ResponseDataModel","statusCode":9935,"statusDescription":"Something went wrong","basketPayment":false}"
9278101337|42.00|400 Bad Request: "{"type":"ResponseDataModel","statusCode":9935,"statusDescription":"Something went wrong","basketPayment":false}"
9278147337|25.28|400 Bad Request: "{"type":"ResponseDataModel","statusCode":10034,"statusDescription":"Refund Amount can't be greater than order amount","basketPayment":false}"
9278171178|40.85|400 Bad Request: "{"type":"ResponseDataModel","statusCode":10034,"statusDescription":"Refund Amount can't be greater than order amount","basketPayment":false}"
9278189918|25.55|400 Bad Request: "{"type":"ResponseDataModel","statusCode":10034,"statusDescription":"Refund Amount can't be greater than order amount","basketPayment":false}"
9278102775|149.07|400 Bad Request: "{"type":"ResponseDataModel","statusCode":9935,"statusDescription":"Something went wrong","basketPayment":false}"
9278152502|38.70|400 Bad Request: "{"type":"ResponseDataModel","statusCode":10034,"statusDescription":"Refund Amount can't be greater than order amount","basketPayment":false}"
9278101498|25.55|400 Bad Request: "{"type":"ResponseDataModel","statusCode":9935,"statusDescription":"Something went wrong","basketPayment":false}"
9278181591|35.01|400 Bad Request: "{"type":"ResponseDataModel","statusCode":10034,"statusDescription":"Refund Amount can't be greater than order amount","basketPayment":false}"
9278159927|50.63|400 Bad Request: "{"type":"ResponseDataModel","statusCode":10034,"statusDescription":"Refund Amount can't be greater than order amount","basketPayment":false}"
9278120290|38.60|400 Bad Request: "{"type":"ResponseDataModel","statusCode":10034,"statusDescription":"Refund Amount can't be greater than order amount","basketPayment":false}"
9278174617|21.50|400 Bad Request: "{"type":"ResponseDataModel","statusCode":10034,"statusDescription":"Refund Amount can't be greater than order amount","basketPayment":false}"
9278111264|74.10|400 Bad Request: "{"type":"ResponseDataModel","statusCode":9935,"statusDescription":"Something went wrong","basketPayment":false}"
9278112742|10.00|400 Bad Request: "{"type":"ResponseDataModel","statusCode":10034,"statusDescription":"Refund Amount can't be greater than order amount","basketPayment":false}"
9278138418|42.56|400 Bad Request: "{"type":"ResponseDataModel","statusCode":9935,"statusDescription":"Something went wrong","basketPayment":false}"
9278104973|42.55|400 Bad Request: "{"type":"ResponseDataModel","statusCode":10034,"statusDescription":"Refund Amount can't be greater than order amount","basketPayment":false}"
9278102969|28.40|400 Bad Request: "{"type":"ResponseDataModel","statusCode":10034,"statusDescription":"Refund Amount can't be greater than order amount","basketPayment":false}"
9278163305|34.50|400 Bad Request: "{"type":"ResponseDataModel","statusCode":10034,"statusDescription":"Refund Amount can't be greater than order amount","basketPayment":false}"
9278148896|50.86|400 Bad Request: "{"type":"ResponseDataModel","statusCode":9935,"statusDescription":"Something went wrong","basketPayment":false}"
9278111387|44.27|400 Bad Request: "{"type":"ResponseDataModel","statusCode":10034,"statusDescription":"Refund Amount can't be greater than order amount","basketPayment":false}"
9278123569|25.85|400 Bad Request: "{"type":"ResponseDataModel","statusCode":10034,"statusDescription":"Refund Amount can't be greater than order amount","basketPayment":false}"
9278100535|12.30|400 Bad Request: "{"type":"ResponseDataModel","statusCode":10034,"statusDescription":"Refund Amount can't be greater than order amount","basketPayment":false}"
9278152222|73.20|400 Bad Request: "{"type":"ResponseDataModel","statusCode":9935,"statusDescription":"Something went wrong","basketPayment":false}"
9278183305|10.15|400 Bad Request: "{"type":"ResponseDataModel","statusCode":10034,"statusDescription":"Refund Amount can't be greater than order amount","basketPayment":false}"
9278174582|42.70|400 Bad Request: "{"type":"ResponseDataModel","statusCode":10034,"statusDescription":"Refund Amount can't be greater than order amount","basketPayment":false}"
9278127263|80.78|400 Bad Request: "{"type":"ResponseDataModel","statusCode":9935,"statusDescription":"Something went wrong","basketPayment":false}"
9278106800|56.90|400 Bad Request: "{"type":"ResponseDataModel","statusCode":9935,"statusDescription":"Something went wrong","basketPayment":false}"
9278151518|64.03|400 Bad Request: "{"type":"ResponseDataModel","statusCode":10034,"statusDescription":"Refund Amount can't be greater than order amount","basketPayment":false}"
9278139256|38.95|400 Bad Request: "{"type":"ResponseDataModel","statusCode":9935,"statusDescription":"Something went wrong","basketPayment":false}"
9278181896|25.65|400 Bad Request: "{"type":"ResponseDataModel","statusCode":10034,"statusDescription":"Refund Amount can't be greater than order amount","basketPayment":false}"
9278135116|30.78|400 Bad Request: "{"type":"ResponseDataModel","statusCode":10034,"statusDescription":"Refund Amount can't be greater than order amount","basketPayment":false}"
9278154091|74.95|400 Bad Request: "{"type":"ResponseDataModel","statusCode":10034,"statusDescription":"Refund Amount can't be greater than order amount","basketPayment":false}"
9278104862|31.40|400 Bad Request: "{"type":"ResponseDataModel","statusCode":10034,"statusDescription":"Refund Amount can't be greater than order amount","basketPayment":false}"
9278123048|10.70|400 Bad Request: "{"type":"ResponseDataModel","statusCode":10034,"statusDescription":"Refund Amount can't be greater than order amount","basketPayment":false}"
9278167155|26.90|400 Bad Request: "{"type":"ResponseDataModel","statusCode":10034,"statusDescription":"Refund Amount can't be greater than order amount","basketPayment":false}"
9278132875|50.35|400 Bad Request: "{"type":"ResponseDataModel","statusCode":10034,"statusDescription":"Refund Amount can't be greater than order amount","basketPayment":false}"
9278145123|49.30|400 Bad Request: "{"type":"ResponseDataModel","statusCode":9935,"statusDescription":"Something went wrong","basketPayment":false}"
9278188339|78.70|400 Bad Request: "{"type":"ResponseDataModel","statusCode":9935,"statusDescription":"Something went wrong","basketPayment":false}"
9278151620|33.06|400 Bad Request: "{"type":"ResponseDataModel","statusCode":10034,"statusDescription":"Refund Amount can't be greater than order amount","basketPayment":false}"
9278124580|75.52|400 Bad Request: "{"type":"ResponseDataModel","statusCode":9935,"statusDescription":"Something went wrong","basketPayment":false}"
9278180240|80.40|400 Bad Request: "{"type":"ResponseDataModel","statusCode":9935,"statusDescription":"Something went wrong","basketPayment":false}"